model,precision,batch,compute_units,placement_matches_request,dominant_device,dominant_weight_share,cpu_weight_share,gpu_weight_share,neural_engine_weight_share,samples,sessions,median_ms,p95_ms,throughput_per_s,warmup_settled,output_mean_abs,energy_j_per_inference,cpu_mw,gpu_mw,ane_mw,ane_above_other_runs
mobilenet_v2,float16,1,cpuAndGPU,True,gpu,1.000000,0.000000,1.000000,0.000000,300,3,0.871000,1.034484,1148.105626,False,0.360028,0.011200,4723.785714,7764.428571,0.000000,
mobilenet_v2,float16,1,cpuAndNeuralEngine,True,neuralEngine,1.000000,0.000000,0.000000,1.000000,300,3,0.425001,0.507456,2352.938408,True,0.360312,0.001773,2587.692308,103.923077,2055.153846,True
mobilenet_v2,float16,1,cpuOnly,True,cpu,1.000000,1.000000,0.000000,0.000000,300,3,2.065229,2.250957,484.207805,True,0.360149,0.013011,6115.923077,100.000000,0.000000,
mobilenet_v2,float16,8,cpuAndGPU,True,gpu,1.000000,0.000000,1.000000,0.000000,300,3,3.050459,3.199896,2622.556576,True,0.359463,0.059041,2555.769231,16488.307692,0.000000,
mobilenet_v2,float16,8,cpuAndNeuralEngine,True,neuralEngine,1.000000,0.000000,0.000000,1.000000,300,3,2.766625,2.809688,2891.609813,True,0.359748,0.010273,1704.384615,111.846154,1982.307692,True
mobilenet_v2,float16,8,cpuOnly,True,cpu,1.000000,1.000000,0.000000,0.000000,300,3,14.253396,14.555233,561.269749,True,0.359627,0.108947,7561.538462,102.307692,0.000000,
mobilenet_v2,float32,1,cpuAndGPU,True,gpu,1.000000,0.000000,1.000000,0.000000,300,3,1.079750,1.234354,926.140310,True,0.358738,0.013004,4042.000000,7950.846154,0.000000,
mobilenet_v2,float32,1,cpuAndNeuralEngine,False,cpu,1.000000,1.000000,0.000000,0.000000,300,3,3.257812,3.494405,306.954484,True,0.358738,0.020492,6113.615385,98.769231,0.000000,False
mobilenet_v2,float32,1,cpuOnly,True,cpu,1.000000,1.000000,0.000000,0.000000,300,3,3.276125,3.497444,305.238658,True,0.358738,0.020597,6164.153846,101.000000,0.000000,
mobilenet_v2,float32,8,cpuAndGPU,True,gpu,1.000000,0.000000,1.000000,0.000000,300,3,3.422250,3.664935,2337.643363,True,0.358137,0.057466,2641.153846,14242.285714,0.000000,
mobilenet_v2,float32,8,cpuAndNeuralEngine,False,cpu,1.000000,1.000000,0.000000,0.000000,300,3,21.864146,22.182429,365.895837,True,0.358137,0.161011,7247.230769,110.692308,0.000000,False
mobilenet_v2,float32,8,cpuOnly,True,cpu,1.000000,1.000000,0.000000,0.000000,300,3,21.891312,22.146373,365.441771,True,0.358137,0.152986,6837.500000,132.692308,0.000000,
resnet50,float16,1,cpuAndGPU,False,cpu,0.557009,0.557009,0.442991,0.000000,300,3,3.117126,3.229933,320.808386,True,0.348090,0.042359,3562.153846,10270.461538,0.000000,
resnet50,float16,1,cpuAndNeuralEngine,True,neuralEngine,1.000000,0.000000,0.000000,1.000000,300,3,1.005167,1.039929,994.860056,True,0.347074,0.005104,1984.692308,101.500000,3021.230769,True
resnet50,float16,1,cpuOnly,True,cpu,1.000000,1.000000,0.000000,0.000000,300,3,4.150792,4.277852,240.917878,True,0.346718,0.028516,6672.846154,101.538462,0.000000,
resnet50,float16,8,cpuAndGPU,True,gpu,1.000000,0.000000,1.000000,0.000000,300,3,15.033917,15.241471,532.130116,True,0.344716,0.320563,1633.384615,19691.000000,0.000000,
resnet50,float16,8,cpuAndNeuralEngine,True,neuralEngine,1.000000,0.000000,0.000000,1.000000,300,3,8.391083,8.751512,953.393024,True,0.344532,0.046131,1758.000000,101.692308,3415.230769,True
resnet50,float16,8,cpuOnly,True,cpu,1.000000,1.000000,0.000000,0.000000,300,3,20.649979,21.074023,387.409595,True,0.344132,0.158086,7512.538462,109.461538,0.000000,
resnet50,float32,1,cpuAndGPU,False,cpu,0.772705,0.772705,0.227295,0.000000,300,3,6.807563,11.088249,146.895446,True,0.347209,0.042075,4200.615385,1269.384615,0.000000,
resnet50,float32,1,cpuAndNeuralEngine,False,cpu,1.000000,1.000000,0.000000,0.000000,300,3,8.084479,8.248698,123.693809,True,0.347209,0.059334,7164.076923,63.923077,0.000000,False
resnet50,float32,1,cpuOnly,True,cpu,1.000000,1.000000,0.000000,0.000000,300,3,8.101958,8.303833,123.426954,True,0.347209,0.055082,6682.307692,98.923077,0.000000,
resnet50,float32,8,cpuAndGPU,True,gpu,0.866993,0.133007,0.866993,0.000000,300,3,19.384000,19.716604,412.711515,True,0.344661,0.315284,2651.769231,13784.846154,0.000000,
resnet50,float32,8,cpuAndNeuralEngine,False,cpu,1.000000,1.000000,0.000000,0.000000,300,3,48.323250,58.327665,165.551779,True,0.344661,0.352894,7400.384615,77.250000,0.000000,False
resnet50,float32,8,cpuOnly,True,cpu,1.000000,1.000000,0.000000,0.000000,300,3,48.287084,57.878052,165.675775,True,0.344661,0.383822,7969.928571,98.153846,0.000000,
