session,model,device,precision,batch,iterations,warmup_iterations,latency_median_ms,latency_p95_ms,latency_min_ms,window_s,throughput_ips,energy_j_per_inference,energy_source,power_mean_w,gpu_util_mean_pct,gpu_memory_used_mib_mean,power_samples,energy_window_s,energy_iterations
1,mobilenet_v2,cpu,fp32,1,100,20,4.3508,13.150569999999993,1.8447,0.6016631000020425,166.20597141433558,,,,,,0,,0
1,mobilenet_v2,cpu,fp32,8,100,20,40.6091,75.790405,15.832,4.365811399999075,183.24199712341434,,,,,,0,,0
1,mobilenet_v2,cpu,fp32,32,100,20,166.78199999999998,253.63450999999992,86.2972,17.505859600001713,182.79593651029205,,,,,,0,,0
1,mobilenet_v2,cuda,fp32,1,100,20,2.10525,3.481329999999999,1.5608,0.24113450000004377,414.7063153550481,0.14212334148992878,nvidia-smi,69.638,51.0,2770.8,5,3.0001050000028044,1470
1,mobilenet_v2,cuda,fp32,8,100,20,3.18195,4.3229999999999995,2.3985,0.32783480000216514,2440.2534447066528,0.4418239352210339,nvidia-smi,133.1833333333333,84.33333333333333,2967.3333333333335,6,3.002257500000269,905
1,mobilenet_v2,cuda,fp32,32,100,20,12.76645,14.8505,11.0763,1.2906822000004468,2479.3090041831306,2.2465637951959425,nvidia-smi,173.17857142857142,93.28571428571429,3911.0,7,3.009626399998524,232
1,mobilenet_v2,cuda,fp16,1,100,20,1.7762,2.51027,1.4397,0.18637959999978193,536.5394066738903,0.15658666195969226,nvidia-smi,82.654,61.6,2739.6,5,3.000862299999426,1584
1,mobilenet_v2,cuda,fp16,8,100,20,2.4396,3.4575649999999998,2.0638,0.26080289999663364,3067.450553695247,0.363445392695397,nvidia-smi,137.5925,75.875,2836.0,8,3.0007011000016064,1136
1,mobilenet_v2,cuda,fp16,32,100,20,7.02725,8.39308,5.7674,0.7134550000009767,4485.2163065583945,1.3892254842899778,nvidia-smi,193.09916666666663,93.25,3314.0,12,3.007243699998071,418
1,resnet50,cpu,fp32,1,100,20,44.9473,88.71643499999998,13.6562,4.914731600001687,20.346991074744686,,,,,,0,,0
1,resnet50,cpu,fp32,8,100,20,161.2202,341.66355,84.4158,18.762276099998417,42.638749996865656,,,,,,0,,0
1,resnet50,cpu,fp32,32,100,20,654.05835,959.9477049999999,403.1645,67.08615819999977,47.699854722043256,,,,,,0,,0
1,resnet50,cuda,fp32,1,100,20,3.1521,4.472734999999999,2.4202,0.3335622000013245,299.7941613276412,0.35805481829099883,nvidia-smi,115.70857142857143,76.85714285714286,2984.4285714285716,7,3.0016200999998546,970
1,resnet50,cuda,fp32,8,100,20,7.53955,9.034144999999999,6.3414,0.7588729000017338,1054.194977839072,1.7359933166673676,nvidia-smi,229.1783333333333,94.5,3229.1666666666665,6,3.00721859999976,397
1,resnet50,cuda,fp32,32,100,20,32.579,34.91746,29.3564,3.2504480999996304,984.4796475908549,7.030846221797859,nvidia-smi,216.6142857142857,96.57142857142857,3740.1428571428573,7,3.018585300000268,93
1,resnet50,cuda,fp16,1,100,20,3.9800000000000004,5.094225,3.4167,0.40943889999834937,244.23668586546893,0.5709678628976296,nvidia-smi,139.02,91.41666666666667,2985.3333333333335,12,3.0022839000012027,731
1,resnet50,cuda,fp16,8,100,20,7.02345,8.354435,6.3619,0.722010000001319,1108.017894486972,1.568950581697088,nvidia-smi,215.17166666666665,95.41666666666667,2958.6666666666665,12,3.0041485000001558,412
1,resnet50,cuda,fp16,32,100,20,21.44245,23.697419999999997,19.366,2.1542110000009416,1485.462658949658,5.180171595543451,nvidia-smi,244.32500000000002,97.25,3230.4166666666665,12,3.0106798999986495,142
2,mobilenet_v2,cpu,fp32,1,100,20,2.89375,15.474359999999995,1.6,0.45707499999844003,218.78247552445725,,,,,,0,,0
2,mobilenet_v2,cpu,fp32,8,100,20,40.34035,84.24421999999998,12.6939,4.144090000001597,193.04600044875755,,,,,,0,,0
2,mobilenet_v2,cpu,fp32,32,100,20,166.64515,263.64212499999996,81.0002,17.334928500000387,184.59839623797285,,,,,,0,,0
2,mobilenet_v2,cuda,fp32,1,100,20,2.3788,3.1926049999999995,1.7394,0.2439918000018224,409.84983921284686,0.15671878846898185,nvidia-smi,71.83666666666666,45.5,2784.3333333333335,6,3.001879999999801,1376
2,mobilenet_v2,cuda,fp32,8,100,20,3.22465,4.33463,2.3907,0.3311050999982399,2416.1512462485557,0.4500550418770701,nvidia-smi,137.08,76.4,2990.6,5,3.0008046999973885,914
2,mobilenet_v2,cuda,fp32,32,100,20,12.604700000000001,14.966769999999999,11.1468,1.282459000001836,2495.206474433427,2.2098184927493043,nvidia-smi,173.31400000000002,93.2,3932.2,5,3.009088499999052,236
2,mobilenet_v2,cuda,fp16,1,100,20,1.94775,2.7372849999999995,1.4923,0.2016884000004211,495.8143353796808,0.16562572443904536,nvidia-smi,80.08499999999998,47.25,2744.0833333333335,12,3.0029162999999244,1452
2,mobilenet_v2,cuda,fp16,8,100,20,2.5258000000000003,3.5541599999999995,2.0585,0.2650391999995918,3018.421425967299,0.3663831676687673,nvidia-smi,133.91,79.08333333333333,2850.0833333333335,12,3.0014362999972946,1097
2,mobilenet_v2,cuda,fp16,32,100,20,6.9843,8.04345,5.7689,0.7054003000012017,4536.431300064019,1.3938888433971652,nvidia-smi,196.44083333333333,90.75,3322.0,12,3.001488900001277,423
2,resnet50,cpu,fp32,1,100,20,27.42175,57.36963,11.347,3.0841752999986056,32.4235785170983,,,,,,0,,0
2,resnet50,cpu,fp32,8,100,20,137.39845,239.68600999999995,70.0428,14.576468600000226,54.88297762326244,,,,,,0,,0
2,resnet50,cpu,fp32,32,100,20,487.89599999999996,649.89773,289.2694,48.887180299996544,65.4568330667299,,,,,,0,,0
2,resnet50,cuda,fp32,1,100,20,3.3153,4.41522,2.4545,0.34187029999884544,292.5085917095978,0.3374510204998895,nvidia-smi,105.17571428571429,74.42857142857143,2994.5714285714284,7,3.0031091999990167,936
2,resnet50,cuda,fp32,8,100,20,7.6185,8.781234999999999,6.5783,0.7761312000002363,1030.7535633147545,1.6711682111492474,nvidia-smi,217.18199999999996,94.4,3246.6,5,3.0009651000000304,390
2,resnet50,cuda,fp32,32,100,20,33.342150000000004,35.29723,30.4551,3.322892399999546,963.0164371258116,7.087430968122789,nvidia-smi,213.30166666666665,97.0,3759.8333333333335,6,3.0236811000031594,91
2,resnet50,cuda,fp16,1,100,20,4.02265,5.326365,3.4693,0.42000220000045374,238.09399093598074,0.5907400578440427,nvidia-smi,137.98749999999998,89.33333333333333,2985.5833333333335,12,3.0010600999994494,701
2,resnet50,cuda,fp16,8,100,20,7.4765,8.839435,6.6221,0.7602115999980015,1052.338585733371,1.6109232331438044,nvidia-smi,210.23833333333334,95.33333333333333,2986.1666666666665,12,3.0036478000001807,392
2,resnet50,cuda,fp16,32,100,20,21.97085,24.069374999999997,19.8852,2.2075536000011198,1449.5684272392648,5.256187528877003,nvidia-smi,235.9275,96.66666666666667,3240.1666666666665,12,3.0076413999995566,135
3,mobilenet_v2,cpu,fp32,1,100,20,3.04215,13.882855,1.6661,0.4584326999975019,218.1345266176364,,,,,,0,,0
3,mobilenet_v2,cpu,fp32,8,100,20,40.1107,82.611145,12.8942,4.149740699998802,192.78312979898504,,,,,,0,,0
3,mobilenet_v2,cpu,fp32,32,100,20,158.1418,237.36316,75.6288,16.113621699998475,198.58974348394332,,,,,,0,,0
3,mobilenet_v2,cuda,fp32,1,100,20,2.4318999999999997,3.3248,1.5787,0.2521042000007583,396.6613804914762,0.15637938932447362,nvidia-smi,71.128,49.4,2791.4,5,3.0010384999986854,1365
3,mobilenet_v2,cuda,fp32,8,100,20,2.9955,4.038325,2.4652,0.31117149999772664,2570.9295356607036,0.4282677476142175,nvidia-smi,147.778,68.4,2996.6,5,3.002377799999522,1036
3,mobilenet_v2,cuda,fp32,32,100,20,11.430399999999999,13.317445,10.5682,1.172631099998398,2728.9059619895565,2.1103592593278067,nvidia-smi,182.0966666666667,93.0,4010.3333333333335,6,3.0016093000012916,259
3,mobilenet_v2,cuda,fp16,1,100,20,1.6866,2.3742799999999993,1.4114,0.17482380000001285,572.0044982433321,0.1431656612160497,nvidia-smi,81.43199999999999,55.6,2767.2,10,3.0010779999975057,1707
3,mobilenet_v2,cuda,fp16,8,100,20,2.33185,3.34841,1.9949,0.24724720000085654,3235.628148659433,0.33696972449716844,nvidia-smi,136.7441666666667,75.91666666666667,2930.0,12,3.001437900002202,1218
3,mobilenet_v2,cuda,fp16,32,100,20,6.47615,7.780329999999999,5.7455,0.6598109000005934,4849.87441098218,1.3210572587775886,nvidia-smi,197.975,92.58333333333333,3283.4166666666665,12,3.00278199999957,450
3,resnet50,cpu,fp32,1,100,20,32.7059,80.05160999999998,13.78,3.9973061999990023,25.01684759601978,,,,,,0,,0
3,resnet50,cpu,fp32,8,100,20,249.79495,361.79524,102.8772,25.093975999996474,31.880161198851567,,,,,,0,,0
3,resnet50,cpu,fp32,32,100,20,599.6367,789.12501,394.4176,60.385071400000015,52.99323037647347,,,,,,0,,0
3,resnet50,cuda,fp32,1,100,20,3.3585000000000003,4.518279999999999,2.5977,0.3477313999974285,287.5782860010327,0.34079080540501394,nvidia-smi,105.86800000000001,83.2,3022.2,5,3.0033421000007365,933
3,resnet50,cuda,fp32,8,100,20,7.77675,9.171949999999999,6.7971,0.7911525999988953,1011.1829247620713,1.711950222203341,nvidia-smi,216.03571428571428,94.28571428571429,3283.8571428571427,7,3.003342000003613,379
3,resnet50,cuda,fp32,32,100,20,34.372749999999996,36.76454,31.6611,3.4505026000006183,927.401127012461,7.237841318631488,nvidia-smi,210.3683333333333,96.66666666666667,3773.5,12,3.0276897000003373,88
3,resnet50,cuda,fp16,1,100,20,4.34755,5.631555,3.5173,0.44202799999766285,226.23001257958487,0.596411423541374,nvidia-smi,135.8025,89.25,3005.75,12,3.003960999998526,684
3,resnet50,cuda,fp16,8,100,20,7.70125,9.07689,6.4839,0.7807152999994287,1024.701321980734,1.629531442203921,nvidia-smi,206.92499999999998,93.08333333333333,3014.0,12,3.000369599998521,381
3,resnet50,cuda,fp16,32,100,20,22.63455,24.84754,20.6368,2.2800801999983378,1403.4594046307375,5.348650930180893,nvidia-smi,233.7691666666667,96.66666666666667,3263.0,12,3.0201669999987644,132
