machine,model,device,precision,batch,valid,latency_ms,p95_ms,throughput,energy_j
Windows workstation,mobilenet_v2,CPU,fp32,1,True,3.04215,13.882855,218.1345266176364,
Windows workstation,mobilenet_v2,CPU,fp32,8,True,40.34035,82.611145,192.78312979898504,
Windows workstation,mobilenet_v2,CPU,fp32,32,True,166.64515,253.63450999999992,184.59839623797285,
Windows workstation,mobilenet_v2,CUDA,fp32,1,True,2.3788,3.3248,409.84983921284686,0.15637938932447362
Windows workstation,mobilenet_v2,CUDA,fp32,8,True,3.18195,4.3229999999999995,2440.2534447066528,0.4418239352210339
Windows workstation,mobilenet_v2,CUDA,fp32,32,True,12.604700000000001,14.8505,2495.206474433427,2.2098184927493043
Windows workstation,mobilenet_v2,CUDA,fp16,1,True,1.7762,2.51027,536.5394066738903,0.15658666195969226
Windows workstation,mobilenet_v2,CUDA,fp16,8,True,2.4396,3.4575649999999998,3067.450553695247,0.363445392695397
Windows workstation,mobilenet_v2,CUDA,fp16,32,True,6.9843,8.04345,4536.431300064019,1.3892254842899778
Windows workstation,resnet50,CPU,fp32,1,True,32.7059,80.05160999999998,25.01684759601978,
Windows workstation,resnet50,CPU,fp32,8,True,161.2202,341.66355,42.638749996865656,
Windows workstation,resnet50,CPU,fp32,32,True,599.6367,789.12501,52.99323037647347,
Windows workstation,resnet50,CUDA,fp32,1,True,3.3153,4.472734999999999,292.5085917095978,0.34079080540501394
Windows workstation,resnet50,CUDA,fp32,8,True,7.6185,9.034144999999999,1030.7535633147545,1.711950222203341
Windows workstation,resnet50,CUDA,fp32,32,True,33.342150000000004,35.29723,963.0164371258116,7.087430968122789
Windows workstation,resnet50,CUDA,fp16,1,True,4.02265,5.326365,238.09399093598074,0.5907400578440427
Windows workstation,resnet50,CUDA,fp16,8,True,7.4765,8.839435,1052.338585733371,1.6109232331438044
Windows workstation,resnet50,CUDA,fp16,32,True,21.97085,24.069374999999997,1449.5684272392648,5.256187528877003
MacBook Pro M4 Pro,mobilenet_v2,GPU,fp16,1,True,0.927292,1.314457,1078.408959,
MacBook Pro M4 Pro,mobilenet_v2,Neural Engine,fp16,1,True,0.38275,0.439392,2612.671457,
MacBook Pro M4 Pro,mobilenet_v2,CPU,fp16,1,True,1.96125,2.161664,509.878904,
MacBook Pro M4 Pro,mobilenet_v2,GPU,fp16,8,True,3.074521,3.260959,2602.031341,
MacBook Pro M4 Pro,mobilenet_v2,Neural Engine,fp16,8,True,2.744104,2.854465,2915.341401,
MacBook Pro M4 Pro,mobilenet_v2,CPU,fp16,8,True,13.274729,13.67699,602.648838,
MacBook Pro M4 Pro,mobilenet_v2,GPU,fp32,1,True,1.11125,1.584694,899.887514,
MacBook Pro M4 Pro,mobilenet_v2,Neural Engine,fp32,1,False,3.114624,3.339911,321.06599,
MacBook Pro M4 Pro,mobilenet_v2,CPU,fp32,1,True,3.119562,3.38761,320.557822,
MacBook Pro M4 Pro,mobilenet_v2,GPU,fp32,8,True,3.354604,3.484504,2384.781872,
MacBook Pro M4 Pro,mobilenet_v2,Neural Engine,fp32,8,False,20.721937,21.137673,386.064286,
MacBook Pro M4 Pro,mobilenet_v2,CPU,fp32,8,True,20.671354,21.186849,387.008989,
MacBook Pro M4 Pro,resnet50,GPU,fp16,1,False,3.141479,3.325629,318.321402,
MacBook Pro M4 Pro,resnet50,Neural Engine,fp16,1,True,1.054188,1.398179,948.597854,
MacBook Pro M4 Pro,resnet50,CPU,fp16,1,True,4.125333,4.255444,242.404644,
MacBook Pro M4 Pro,resnet50,GPU,fp16,8,True,15.059104,15.244653,531.240106,
MacBook Pro M4 Pro,resnet50,Neural Engine,fp16,8,True,8.482958,8.585383,943.067265,
MacBook Pro M4 Pro,resnet50,CPU,fp16,8,True,19.976104,20.436691,400.478482,
MacBook Pro M4 Pro,resnet50,GPU,fp32,1,False,6.817125,11.3137,146.689414,
MacBook Pro M4 Pro,resnet50,Neural Engine,fp32,1,False,8.039896,8.246994,124.379718,
MacBook Pro M4 Pro,resnet50,CPU,fp32,1,True,8.042917,8.201329,124.333008,
MacBook Pro M4 Pro,resnet50,GPU,fp32,8,True,19.504562,19.867043,410.160443,
MacBook Pro M4 Pro,resnet50,Neural Engine,fp32,8,False,43.300042,49.561335,184.757327,
MacBook Pro M4 Pro,resnet50,CPU,fp32,8,True,43.554,50.821761,183.680029,
