model,precision,batch,compute_units,placement_matches_request,dominant_device,dominant_weight_share,cpu_weight_share,gpu_weight_share,neural_engine_weight_share,samples,sessions,median_ms,p95_ms,throughput_per_s,warmup_settled,output_mean_abs,cpu_j_per_inference,gpu_j_per_inference,ane_j_per_inference,combined_j_per_inference,cpu_power_mean_mw,gpu_power_mean_mw,ane_power_mean_mw,power_samples,energy_window_s,energy_iterations,ane_above_idle,ane_at_baseline
mobilenet_v2,float16,1,cpuAndGPU,True,gpu,1.000000,0.000000,1.000000,0.000000,300,3,2.569333,2.991514,389.205994,True,1.612313,0.001908,0.005340,0.000000,0.007150,607.481895,1712.944211,0.000000,57,4.002311,1284.000000,False,True
mobilenet_v2,float16,1,cpuAndNeuralEngine,True,neuralEngine,0.979216,0.020784,0.000000,0.979216,300,3,0.626292,0.648706,1596.699303,True,1.614313,0.000673,0.000000,0.001183,0.001857,1106.721000,0.000000,1944.748421,57,4.000355,6591.000000,True,False
mobilenet_v2,float16,1,cpuOnly,True,cpu,1.000000,1.000000,0.000000,0.000000,300,3,2.846979,2.989042,351.249517,True,1.607472,0.016671,0.000000,0.000000,0.016671,5841.507895,0.000000,0.000000,56,4.001159,1400.000000,False,True
mobilenet_v2,float16,8,cpuAndGPU,True,gpu,1.000000,0.000000,1.000000,0.000000,300,3,9.540667,9.843465,838.515842,True,1.607502,0.006855,0.070855,0.000000,0.077710,734.760550,7594.708500,0.000000,60,4.002386,429.000000,False,True
mobilenet_v2,float16,8,cpuAndNeuralEngine,True,neuralEngine,0.978850,0.021150,0.000000,0.978850,300,3,3.948374,4.067978,2026.150255,True,1.609514,0.005099,0.000000,0.010251,0.015350,1306.300500,0.000000,2626.091000,60,4.000954,1025.000000,True,False
mobilenet_v2,float16,8,cpuOnly,True,cpu,1.000000,1.000000,0.000000,0.000000,300,3,21.213146,22.588183,377.124638,True,1.602570,0.131208,0.000000,0.000000,0.131208,6123.666000,0.000000,0.000000,61,4.004236,186.000000,False,True
mobilenet_v2,float32,1,cpuAndGPU,True,gpu,1.000000,0.000000,1.000000,0.000000,300,3,2.748291,3.043230,363.862421,True,1.619255,0.001835,0.006119,0.000000,0.007862,565.688200,1899.383684,0.000000,58,4.002406,1242.000000,False,True
mobilenet_v2,float32,1,cpuAndNeuralEngine,False,cpu,1.000000,1.000000,0.000000,0.000000,300,3,5.860812,6.089985,170.624807,True,1.619254,0.033256,0.000000,0.000000,0.033262,5622.931053,0.000000,0.000000,57,4.002961,678.000000,False,True
mobilenet_v2,float32,1,cpuOnly,True,cpu,1.000000,1.000000,0.000000,0.000000,300,3,4.485980,4.556127,222.916757,True,1.619254,0.028428,0.000000,0.000000,0.028428,6291.390526,0.000000,0.000000,56,4.001983,885.000000,False,True
mobilenet_v2,float32,8,cpuAndGPU,True,gpu,1.000000,0.000000,1.000000,0.000000,300,3,12.230500,12.701237,654.102449,True,1.614454,0.008063,0.081274,0.000000,0.091208,667.294800,6739.408000,0.000000,59,4.004874,332.000000,False,True
mobilenet_v2,float32,8,cpuAndNeuralEngine,False,cpu,1.000000,1.000000,0.000000,0.000000,300,3,38.952334,39.638609,205.379223,True,1.614453,0.245274,0.000000,0.000000,0.245274,6227.602857,0.000000,0.000000,63,4.015307,103.000000,False,True
mobilenet_v2,float32,8,cpuOnly,True,cpu,1.000000,1.000000,0.000000,0.000000,300,3,34.057083,34.469081,234.899742,True,1.614453,0.227196,0.000000,0.000000,0.227196,6585.240500,0.000000,0.000000,61,4.006939,116.000000,False,True
resnet50,float16,1,cpuAndGPU,True,gpu,1.000000,0.000000,1.000000,0.000000,300,3,7.208208,7.545196,138.730736,True,0.347261,0.004860,0.056036,0.000000,0.060378,682.549105,7833.344737,0.000000,58,4.001346,562.000000,False,True
resnet50,float16,1,cpuAndNeuralEngine,True,neuralEngine,0.996887,0.003113,0.000000,0.996887,300,3,1.807667,2.117429,553.199234,True,0.347070,0.001039,0.000000,0.005788,0.006824,621.403842,0.000000,3470.520526,57,4.000975,2399.000000,True,False
resnet50,float16,1,cpuOnly,True,cpu,1.000000,1.000000,0.000000,0.000000,300,3,7.104021,7.633220,140.765350,True,0.346777,0.046665,0.000000,0.000000,0.046665,6588.256842,0.000000,0.000000,56,4.004663,565.000000,False,True
resnet50,float16,8,cpuAndGPU,True,gpu,1.000000,0.000000,1.000000,0.000000,300,3,41.907291,42.224769,190.897567,True,0.344716,0.023376,0.410270,0.000000,0.433647,560.362476,9834.812857,0.000000,62,4.004749,96.000000,False,True
resnet50,float16,8,cpuAndNeuralEngine,True,neuralEngine,0.992348,0.007652,0.000000,0.992348,300,3,13.913562,14.187500,574.978551,True,0.344528,0.010646,0.000000,0.049228,0.059873,764.271571,0.000000,3534.005714,61,4.011715,288.000000,True,False
resnet50,float16,8,cpuOnly,True,cpu,1.000000,1.000000,0.000000,0.000000,300,3,55.796437,56.611627,143.378331,True,0.344211,0.366341,0.000000,0.000000,0.366341,6553.595500,0.000000,0.000000,61,4.034002,72.000000,False,True
resnet50,float32,1,cpuAndGPU,True,gpu,1.000000,0.000000,1.000000,0.000000,300,3,8.539813,9.003159,117.098583,True,0.347209,0.004307,0.064350,0.000910,0.069544,503.876474,7551.877886,106.803484,57,4.001506,470.000000,False,False
resnet50,float32,1,cpuAndNeuralEngine,False,cpu,1.000000,1.000000,0.000000,0.000000,300,3,17.661958,18.120065,56.618864,True,0.347209,0.113780,0.000035,0.003464,0.118320,6534.847895,2.033662,196.585895,57,4.003844,228.000000,True,False
resnet50,float32,1,cpuOnly,True,cpu,1.000000,1.000000,0.000000,0.000000,300,3,12.788417,13.176133,78.195761,True,0.347209,0.095112,0.000083,0.000878,0.096520,7390.680556,6.455400,68.239172,55,4.004240,311.000000,False,False
resnet50,float32,8,cpuAndGPU,True,gpu,1.000000,0.000000,1.000000,0.000000,300,3,53.925584,54.710330,148.352590,True,0.344661,0.035133,0.493196,0.000000,0.528329,656.888367,9137.235905,0.000000,63,4.011318,75.000000,False,True
resnet50,float32,8,cpuAndNeuralEngine,False,cpu,1.000000,1.000000,0.000000,0.000000,300,3,122.007083,123.352662,65.569964,True,0.344661,0.815161,0.000000,0.000000,0.815161,6631.159524,0.000000,0.000000,63,4.056655,33.000000,False,True
resnet50,float32,8,cpuOnly,True,cpu,1.000000,1.000000,0.000000,0.000000,300,3,114.256438,121.002265,70.017937,True,0.344661,0.775988,0.001365,0.005073,0.799417,6737.118095,11.945571,44.384081,63,4.101193,36.000000,False,False
